年月日,收盤價(元)
2008/01/02,35.93
2008/01/03,34.74
2008/01/04,35.11
2008/01/07,33.10
2008/01/08,34.51
2008/01/09,35.63
2008/01/10,37.12
2008/01/11,35.71
2008/01/14,35.48
2008/01/15,36.97
2008/01/16,34.59
2008/01/17,33.92
2008/01/18,34.07
2008/01/21,33.99
2008/01/22,31.68
2008/01/23,31.31
2008/01/24,31.31
2008/01/25,31.16
2008/01/28,30.34
2008/01/29,30.64
2008/01/30,31.16
2008/01/31,30.34
2008/02/01,29.82
2008/02/12,29.37
2008/02/13,28.47
2008/02/14,29.52
2008/02/15,29.82
2008/02/18,30.86
2008/02/19,31.01
2008/02/20,29.97
2008/02/21,30.34
2008/02/22,29.82
2008/02/25,30.56
2008/02/26,30.04
2008/02/27,30.41
2008/02/29,31.16
2008/03/03,30.71
2008/03/04,31.61
2008/03/05,33.10
2008/03/06,32.35
2008/03/07,31.68
2008/03/10,30.79
2008/03/11,30.93
2008/03/12,30.93
2008/03/13,30.41
2008/03/14,30.26
2008/03/17,31.46
2008/03/18,32.35
2008/03/19,33.32
2008/03/20,35.03
2008/03/21,34.29
2008/03/24,35.78
2008/03/25,35.26
2008/03/26,35.33
2008/03/27,35.03
2008/03/28,36.23
2008/03/31,35.71
2008/04/01,34.36
2008/04/02,34.59
2008/04/03,34.74
2008/04/07,35.63
2008/04/08,35.33
2008/04/09,37.12
2008/04/10,36.82
2008/04/11,37.27
2008/04/14,37.57
2008/04/15,37.12
2008/04/16,37.27
2008/04/17,36.23
2008/04/18,36.30
2008/04/21,36.08
2008/04/22,35.33
2008/04/23,35.18
2008/04/24,34.89
2008/04/25,34.96
2008/04/28,35.41
2008/04/29,34.29
2008/04/30,35.26
2008/05/02,34.44
2008/05/05,34.59
2008/05/06,34.44
2008/05/07,35.18
2008/05/08,34.96
2008/05/09,35.03
2008/05/12,35.03
2008/05/13,35.41
2008/05/14,35.18
2008/05/15,36.45
2008/05/16,36.08
2008/05/19,36.60
2008/05/20,36.23
2008/05/21,36.38
2008/05/22,37.35
2008/05/23,36.38
2008/05/26,36.60
2008/05/27,36.38
2008/05/28,35.26
2008/05/29,34.29
2008/05/30,34.66
2008/06/02,35.48
2008/06/03,34.89
2008/06/04,35.03
2008/06/05,35.18
2008/06/06,35.11
2008/06/09,34.44
2008/06/10,34.07
2008/06/11,33.17
2008/06/12,32.95
2008/06/13,32.28
2008/06/16,32.95
2008/06/17,33.25
2008/06/18,33.39
2008/06/19,32.65
2008/06/20,31.31
2008/06/23,30.93
2008/06/24,30.56
2008/06/25,30.86
2008/06/26,31.08
2008/06/27,29.82
2008/06/30,29.82
2008/07/01,29.15
2008/07/02,29.15
2008/07/03,29.37
2008/07/04,29.00
2008/07/07,29.22
2008/07/08,28.18
2008/07/09,27.58
2008/07/10,26.84
2008/07/11,28.70
2008/07/14,28.18
2008/07/15,26.84
2008/07/16,26.69
2008/07/17,28.03
2008/07/18,26.98
2008/07/21,28.33
2008/07/22,27.43
2008/07/23,29.29
2008/07/24,29.89
2008/07/25,29.82
2008/07/29,28.10
2008/07/30,28.85
2008/07/31,28.55
2008/08/01,27.95
2008/08/04,27.88
2008/08/05,27.36
2008/08/06,27.95
2008/08/07,27.88
2008/08/08,28.18
2008/08/11,27.95
2008/08/12,27.28
2008/08/13,27.51
2008/08/14,27.58
2008/08/15,27.36
2008/08/18,26.54
2008/08/19,26.46
2008/08/20,26.46
2008/08/21,25.57
2008/08/22,25.34
2008/08/25,26.31
2008/08/26,26.61
2008/08/27,26.61
2008/08/28,26.84
2008/08/29,26.75
2008/09/01,25.97
2008/09/02,25.53
2008/09/03,24.32
2008/09/04,23.19
2008/09/05,22.49
2008/09/08,24.06
2008/09/09,22.93
2008/09/10,23.27
2008/09/11,22.58
2008/09/12,22.75
2008/09/15,21.36
2008/09/16,19.89
2008/09/17,20.32
2008/09/18,19.11
2008/09/19,20.41
2008/09/22,21.02
2008/09/23,20.67
2008/09/24,20.67
2008/09/25,20.15
2008/09/26,19.19
2008/09/30,18.93
2008/10/01,18.67
2008/10/02,18.67
2008/10/03,19.11
2008/10/06,18.06
2008/10/07,18.24
2008/10/08,17.02
2008/10/09,15.86
2008/10/13,15.37
2008/10/14,16.15
2008/10/15,15.60
2008/10/16,15.06
2008/10/17,14.54
2008/10/20,14.16
2008/10/21,14.59
2008/10/22,14.16
2008/10/23,13.70
2008/10/24,13.24
2008/10/27,12.35
2008/10/28,12.94
2008/10/29,13.84
2008/10/30,14.80
2008/10/31,15.82
2008/11/03,16.92
2008/11/04,18.06
2008/11/05,17.37
2008/11/06,17.80
2008/11/07,19.02
2008/11/10,19.54
2008/11/11,18.41
2008/11/12,18.76
2008/11/13,18.85
2008/11/14,19.02
2008/11/17,19.45
2008/11/18,18.41
2008/11/19,17.98
2008/11/20,17.72
2008/11/21,18.50
2008/11/24,18.85
2008/11/25,18.76
2008/11/26,19.11
2008/11/27,20.32
2008/11/28,20.32
2008/12/01,21.02
2008/12/02,19.71
2008/12/03,19.45
2008/12/04,18.15
2008/12/05,16.88
2008/12/08,18.06
2008/12/09,18.50
2008/12/10,19.71
2008/12/11,18.93
2008/12/12,18.93
2008/12/15,19.28
2008/12/16,18.76
2008/12/17,18.76
2008/12/18,19.45
2008/12/19,19.02
2008/12/22,18.24
2008/12/23,17.46
2008/12/24,17.89
2008/12/25,17.63
2008/12/26,17.72
2008/12/29,17.37
2008/12/30,17.89
2008/12/31,17.54
2009/01/05,17.72
2009/01/06,18.85
2009/01/07,18.58
2009/01/08,17.37
2009/01/09,17.63
2009/01/10,17.54
2009/01/12,17.37
2009/01/13,17.54
2009/01/14,17.46
2009/01/15,16.81
2009/01/16,16.78
2009/01/17,16.80
2009/01/19,16.50
2009/01/20,15.63
2009/01/21,15.56
2009/02/02,15.55
2009/02/03,16.15
2009/02/04,16.34
2009/02/05,16.50
2009/02/06,16.59
2009/02/09,16.33
2009/02/10,16.57
2009/02/11,16.45
2009/02/12,15.82
2009/02/13,16.19
2009/02/16,16.07
2009/02/17,15.88
2009/02/18,15.81
2009/02/19,15.98
2009/02/20,15.75
2009/02/23,15.68
2009/02/24,15.55
2009/02/25,15.60
2009/02/26,15.63
2009/02/27,15.58
2009/03/02,15.48
2009/03/03,15.34
2009/03/04,15.53
2009/03/05,15.98
2009/03/06,15.74
2009/03/09,16.21
2009/03/10,16.74
2009/03/11,16.41
2009/03/12,16.50
2009/03/13,16.67
2009/03/16,17.21
2009/03/17,17.54
2009/03/18,17.26
2009/03/19,17.63
2009/03/20,17.54
2009/03/23,17.89
2009/03/24,19.11
2009/03/25,19.37
2009/03/26,19.28
2009/03/27,19.71
2009/03/30,18.41
2009/03/31,18.50
2009/04/01,19.28
2009/04/02,20.15
2009/04/03,20.67
2009/04/06,21.36
2009/04/07,21.71
2009/04/08,20.32
2009/04/09,20.93
2009/04/10,20.93
2009/04/13,21.19
2009/04/14,21.36
2009/04/15,21.19
2009/04/16,22.67
2009/04/17,21.45
2009/04/20,21.02
2009/04/21,21.54
2009/04/22,21.19
2009/04/23,21.62
2009/04/24,21.45
2009/04/27,19.97
2009/04/28,18.58
2009/04/29,19.02
2009/04/30,20.32
2009/05/04,21.36
2009/05/05,20.58
2009/05/06,21.36
2009/05/07,21.80
2009/05/08,21.71
2009/05/11,22.49
2009/05/12,21.54
2009/05/13,21.71
2009/05/14,20.84
2009/05/15,21.02
2009/05/18,22.41
2009/05/19,21.88
2009/05/20,21.80
2009/05/21,21.71
2009/05/22,21.45
2009/05/25,22.93
2009/05/26,23.71
2009/05/27,25.36
2009/06/01,25.18
2009/06/02,24.84
2009/06/03,24.92
2009/06/04,23.88
2009/06/05,23.80
2009/06/06,24.32
2009/06/08,23.10
2009/06/09,21.80
2009/06/10,21.71
2009/06/11,22.06
2009/06/12,21.54
2009/06/15,20.23
2009/06/16,20.58
2009/06/17,20.32
2009/06/18,19.63
2009/06/19,19.97
2009/06/22,19.63
2009/06/23,19.28
2009/06/24,20.06
2009/06/25,20.23
2009/06/26,20.41
2009/06/29,20.32
2009/06/30,20.41
2009/07/01,20.76
2009/07/02,21.10
2009/07/03,20.67
2009/07/06,21.28
2009/07/07,20.93
2009/07/08,20.50
2009/07/09,20.84
2009/07/10,21.02
2009/07/13,20.15
2009/07/14,20.84
2009/07/15,21.62
2009/07/16,21.62
2009/07/17,21.71
2009/07/20,21.88
2009/07/21,21.88
2009/07/22,22.23
2009/07/23,21.97
2009/07/24,22.49
2009/07/27,22.41
2009/07/28,22.67
2009/07/29,22.49
2009/07/30,21.80
2009/07/31,21.97
2009/08/03,22.84
2009/08/04,23.45
2009/08/05,22.41
2009/08/06,22.41
2009/08/10,22.58
2009/08/11,22.23
2009/08/12,21.97
2009/08/13,22.32
2009/08/14,22.75
2009/08/17,22.75
2009/08/18,22.23
2009/08/19,22.23
2009/08/20,21.97
2009/08/21,21.19
2009/08/24,21.28
2009/08/25,21.45
2009/08/26,21.10
2009/08/27,21.10
2009/08/28,21.54
2009/08/31,21.54
2009/09/01,21.36
2009/09/02,21.19
2009/09/03,22.24
2009/09/04,22.42
2009/09/07,22.33
2009/09/08,23.30
2009/09/09,22.86
2009/09/10,22.86
2009/09/11,23.12
2009/09/14,22.77
2009/09/15,22.86
2009/09/16,22.86
2009/09/17,23.04
2009/09/18,23.12
2009/09/21,22.95
2009/09/22,22.60
2009/09/23,22.07
2009/09/24,21.63
2009/09/25,21.54
2009/09/28,21.89
2009/09/29,22.16
2009/09/30,22.24
2009/10/01,22.07
2009/10/02,21.45
2009/10/05,21.36
2009/10/06,21.63
2009/10/07,21.98
2009/10/08,21.63
2009/10/09,21.72
2009/10/12,21.80
2009/10/13,21.72
2009/10/14,21.63
2009/10/15,21.36
2009/10/16,21.80
2009/10/19,22.16
2009/10/20,21.98
2009/10/21,21.63
2009/10/22,21.28
2009/10/23,21.45
2009/10/26,21.45
2009/10/27,21.28
2009/10/28,21.19
2009/10/29,20.57
2009/10/30,20.57
2009/11/02,19.78
2009/11/03,19.52
2009/11/04,20.05
2009/11/05,19.69
2009/11/06,19.87
2009/11/09,20.13
2009/11/10,20.57
2009/11/11,20.84
2009/11/12,20.84
2009/11/13,20.66
2009/11/16,21.19
2009/11/17,20.84
2009/11/18,20.84
2009/11/19,20.84
2009/11/20,20.66
2009/11/23,20.66
2009/11/24,20.57
2009/11/25,20.49
2009/11/26,20.49
2009/11/27,19.69
2009/11/30,19.96
2009/12/01,20.05
2009/12/02,20.31
2009/12/03,19.96
2009/12/04,19.78
2009/12/07,20.31
2009/12/08,20.31
2009/12/09,20.66
2009/12/10,20.05
2009/12/11,20.57
2009/12/14,20.66
2009/12/15,20.49
2009/12/16,20.40
2009/12/17,20.31
2009/12/18,20.40
2009/12/21,20.66
2009/12/22,20.66
2009/12/23,20.57
2009/12/24,20.66
2009/12/25,20.57
2009/12/28,20.84
2009/12/29,21.19
2009/12/30,21.19
2009/12/31,21.36
2010/01/04,21.54
2010/01/05,21.98
2010/01/06,22.07
2010/01/07,22.07
2010/01/08,22.42
2010/01/11,23.12
2010/01/12,22.86
2010/01/13,21.98
2010/01/14,22.24
2010/01/15,22.60
2010/01/18,22.42
2010/01/19,21.98
2010/01/20,22.16
2010/01/21,22.07
2010/01/22,21.45
2010/01/25,20.84
2010/01/26,19.87
2010/01/27,19.78
2010/01/28,20.05
2010/01/29,20.22
2010/02/01,19.69
2010/02/02,19.08
2010/02/03,18.99
2010/02/04,19.25
2010/02/05,18.55
2010/02/06,18.11
2010/02/08,17.85
2010/02/09,17.94
2010/02/10,18.73
2010/02/22,19.17
2010/02/23,20.05
2010/02/24,20.22
2010/02/25,19.78
2010/02/26,19.87
2010/03/01,20.22
2010/03/02,20.31
2010/03/03,20.57
2010/03/04,21.36
2010/03/05,21.63
2010/03/08,21.98
2010/03/09,21.72
2010/03/10,21.28
2010/03/11,21.28
2010/03/12,21.28
2010/03/15,21.10
2010/03/16,21.36
2010/03/17,21.72
2010/03/18,21.72
2010/03/19,21.89
2010/03/22,21.63
2010/03/23,21.36
2010/03/24,21.45
2010/03/25,21.36
2010/03/26,21.28
2010/03/29,21.28
2010/03/30,21.45
2010/03/31,20.93
2010/04/01,20.75
2010/04/02,21.28
2010/04/06,21.28
2010/04/07,21.10
2010/04/08,21.10
2010/04/09,21.28
2010/04/12,21.28
2010/04/13,21.01
2010/04/14,21.01
2010/04/15,22.24
2010/04/16,22.16
2010/04/19,21.45
2010/04/20,21.54
2010/04/21,21.63
2010/04/22,21.63
2010/04/23,21.72
2010/04/26,22.16
2010/04/27,21.89
2010/04/28,21.54
2010/04/29,21.72
2010/04/30,22.68
2010/05/03,22.42
2010/05/04,22.07
2010/05/05,20.75
2010/05/06,20.22
2010/05/07,21.10
2010/05/10,21.98
2010/05/11,21.45
2010/05/12,22.42
2010/05/13,22.51
2010/05/14,23.30
2010/05/17,22.77
2010/05/18,22.86
2010/05/19,23.56
2010/05/20,22.68
2010/05/21,21.89
2010/05/24,22.16
2010/05/25,21.80
2010/05/26,22.24
2010/05/27,22.24
2010/05/28,23.04
2010/05/31,23.04
2010/06/01,22.33
2010/06/02,21.98
2010/06/03,22.60
2010/06/04,22.60
2010/06/07,22.07
2010/06/08,22.33
2010/06/09,21.98
2010/06/10,22.07
2010/06/11,22.86
2010/06/14,22.95
2010/06/15,23.65
2010/06/17,23.56
2010/06/18,23.56
2010/06/21,25.15
2010/06/22,26.90
2010/06/23,27.34
2010/06/24,27.70
2010/06/25,27.70
2010/06/28,29.63
2010/06/29,28.31
2010/06/30,28.93
2010/07/01,30.86
2010/07/02,30.33
2010/07/05,30.24
2010/07/06,31.48
2010/07/07,33.23
2010/07/08,33.59
2010/07/09,32.88
2010/07/12,31.56
2010/07/13,31.65
2010/07/14,33.85
2010/07/15,34.11
2010/07/16,34.64
2010/07/19,33.94
2010/07/20,32.62
2010/07/21,34.47
2010/07/22,36.05
2010/07/23,36.66
2010/07/26,37.10
2010/07/27,36.75
2010/07/28,37.19
2010/07/29,37.81
2010/07/30,36.49
2010/08/02,37.81
2010/08/03,36.93
2010/08/04,39.21
2010/08/05,40.44
2010/08/06,40.36
2010/08/09,40.36
2010/08/10,42.11
2010/08/11,40.09
2010/08/12,38.69
2010/08/13,39.04
2010/08/16,40.00
2010/08/17,38.95
2010/08/18,36.66
2010/08/19,36.05
2010/08/20,38.07
2010/08/23,37.54
2010/08/24,36.05
2010/08/25,33.94
2010/08/26,34.03
2010/08/27,34.38
2010/08/30,34.99
2010/08/31,33.41
2010/09/01,34.11
2010/09/02,35.26
2010/09/03,35.78
2010/09/06,35.17
2010/09/07,35.17
2010/09/08,33.76
2010/09/09,32.09
2010/09/10,33.32
2010/09/13,34.29
2010/09/14,35.34
2010/09/15,35.34
2010/09/16,34.47
2010/09/17,36.84
2010/09/20,37.10
2010/09/21,36.14
2010/09/23,35.34
2010/09/24,35.78
2010/09/27,35.78
2010/09/28,35.17
2010/09/29,35.96
2010/09/30,35.26
2010/10/01,35.17
2010/10/04,35.08
2010/10/05,37.45
2010/10/06,38.69
2010/10/07,37.81
2010/10/08,37.89
2010/10/11,38.33
2010/10/12,37.37
2010/10/13,36.05
2010/10/14,36.31
2010/10/15,36.49
2010/10/18,35.43
2010/10/19,35.52
2010/10/20,35.87
2010/10/21,36.66
2010/10/22,37.19
2010/10/25,38.69
2010/10/26,38.16
2010/10/27,40.09
2010/10/28,40.09
2010/10/29,40.97
2010/11/01,42.47
2010/11/02,41.41
2010/11/03,41.59
2010/11/04,41.94
2010/11/05,40.62
2010/11/08,40.62
2010/11/09,40.71
2010/11/10,39.65
2010/11/11,40.00
2010/11/12,39.48
2010/11/15,39.48
2010/11/16,38.77
2010/11/17,38.42
2010/11/18,40.80
2010/11/19,40.97
2010/11/22,41.85
2010/11/23,42.55
2010/11/24,41.94
2010/11/25,42.11
2010/11/26,40.80
2010/11/29,41.41
2010/11/30,42.47
2010/12/01,42.64
2010/12/02,43.52
2010/12/03,43.26
2010/12/06,43.43
2010/12/07,42.73
2010/12/08,42.03
2010/12/09,42.47
2010/12/10,42.91
2010/12/13,42.73
2010/12/14,42.38
2010/12/15,42.55
2010/12/16,43.17
2010/12/17,42.82
2010/12/20,42.11
2010/12/21,43.08
2010/12/22,43.96
2010/12/23,44.22
2010/12/24,43.96
2010/12/27,45.37
2010/12/28,45.37
2010/12/29,48.53
2010/12/30,50.38
2010/12/31,49.68
2011/01/03,52.84
2011/01/04,52.93
2011/01/05,50.82
2011/01/06,52.23
2011/01/07,50.64
2011/01/10,52.40
2011/01/11,53.28
2011/01/12,53.02
2011/01/13,53.81
2011/01/14,52.58
2011/01/17,50.29
2011/01/18,50.47
2011/01/19,50.91
2011/01/20,51.08
2011/01/21,50.55
2011/01/24,50.29
2011/01/25,50.73
2011/01/26,50.73
2011/01/27,51.87
2011/01/28,51.52
2011/02/08,50.03
2011/02/09,49.94
2011/02/10,47.74
2011/02/11,45.89
2011/02/14,48.62
2011/02/15,48.01
2011/02/16,47.83
2011/02/17,46.16
2011/02/18,46.42
2011/02/21,46.51
2011/02/22,44.31
2011/02/23,43.52
2011/02/24,43.61
2011/02/25,44.14
2011/03/01,46.07
2011/03/02,45.02
2011/03/03,45.37
2011/03/04,45.81
2011/03/07,44.05
2011/03/08,43.70
2011/03/09,44.14
2011/03/10,43.96
2011/03/11,45.02
2011/03/14,42.64
2011/03/15,40.00
2011/03/16,39.83
2011/03/17,40.44
2011/03/18,40.80
2011/03/21,41.50
2011/03/22,42.47
2011/03/23,42.29
2011/03/24,42.55
2011/03/25,42.55
2011/03/28,41.41
2011/03/29,40.80
2011/03/30,41.06
2011/03/31,40.44
2011/04/01,40.71
2011/04/06,40.18
2011/04/07,42.47
2011/04/08,42.38
2011/04/11,41.32
2011/04/12,41.59
2011/04/13,43.78
2011/04/14,43.52
2011/04/15,42.03
2011/04/18,41.85
2011/04/19,41.67
2011/04/20,42.82
2011/04/21,42.99
2011/04/22,43.08
2011/04/25,45.63
2011/04/26,45.72
2011/04/27,45.46
2011/04/28,44.14
2011/04/29,42.64
2011/05/03,42.99
2011/05/04,44.84
2011/05/05,45.37
2011/05/06,45.37
2011/05/09,46.69
2011/05/10,46.42
2011/05/11,45.46
2011/05/12,45.54
2011/05/13,44.58
2011/05/16,44.40
2011/05/17,44.58
2011/05/18,44.66
2011/05/19,43.78
2011/05/20,43.43
2011/05/23,42.73
2011/05/24,42.47
2011/05/25,41.06
2011/05/26,42.55
2011/05/27,42.73
2011/05/30,42.91
2011/05/31,43.87
2011/06/01,43.35
2011/06/02,42.20
2011/06/03,41.67
2011/06/07,41.59
2011/06/08,41.32
2011/06/09,41.06
2011/06/10,40.44
2011/06/13,40.00
2011/06/14,39.48
2011/06/15,38.86
2011/06/16,36.93
2011/06/17,37.28
2011/06/20,37.10
2011/06/21,37.45
2011/06/22,37.63
2011/06/23,37.19
2011/06/24,37.54
2011/06/27,37.81
2011/06/28,37.81
2011/06/29,37.98
2011/06/30,38.33
2011/07/01,38.25
2011/07/04,37.63
2011/07/05,37.19
2011/07/06,36.58
2011/07/07,37.01
2011/07/08,36.49
2011/07/11,36.66
2011/07/12,35.61
2011/07/13,34.11
2011/07/14,32.27
2011/07/15,34.47
2011/07/18,34.73
2011/07/19,34.11
2011/07/20,34.38
2011/07/21,33.67
2011/07/22,33.50
2011/07/25,33.06
2011/07/26,33.06
2011/07/27,33.15
2011/07/28,32.71
2011/07/29,32.36
2011/08/01,32.00
2011/08/02,32.27
2011/08/03,31.74
2011/08/04,31.48
2011/08/05,29.28
2011/08/08,27.26
2011/08/09,27.61
2011/08/10,29.45
2011/08/11,28.75
2011/08/12,29.01
2011/08/15,29.63
2011/08/16,29.54
2011/08/17,29.54
2011/08/18,28.84
2011/08/19,27.87
2011/08/22,27.87
2011/08/23,29.54
2011/08/24,29.54
2011/08/25,29.19
2011/08/26,28.93
2011/08/29,29.28
2011/08/30,27.34
2011/08/31,27.34
2011/09/01,28.22
2011/09/02,29.01
2011/09/05,28.22
2011/09/06,26.73
2011/09/07,27.78
2011/09/08,28.31
2011/09/09,28.93
2011/09/13,28.57
2011/09/14,28.31
2011/09/15,29.81
2011/09/16,29.63
2011/09/19,29.01
2011/09/20,28.49
2011/09/21,28.84
2011/09/22,27.64
2011/09/23,25.76
2011/09/26,23.98
2011/09/27,24.29
2011/09/28,24.08
2011/09/29,24.61
2011/09/30,25.03
2011/10/03,23.77
2011/10/04,23.35
2011/10/05,23.46
2011/10/06,23.98
2011/10/07,24.40
2011/10/11,25.13
2011/10/12,25.03
2011/10/13,26.70
2011/10/14,26.18
2011/10/17,26.91
2011/10/18,26.18
2011/10/19,26.28
2011/10/20,25.34
2011/10/21,25.34
2011/10/24,26.07
2011/10/25,25.97
2011/10/26,26.39
2011/10/27,27.02
2011/10/28,26.70
2011/10/31,26.18
2011/11/01,26.18
2011/11/02,25.86
2011/11/03,25.55
2011/11/04,26.18
2011/11/07,26.91
2011/11/08,26.39
2011/11/09,26.07
2011/11/10,25.13
2011/11/11,25.24
2011/11/14,25.55
2011/11/15,25.45
2011/11/16,24.82
2011/11/17,24.50
2011/11/18,24.08
2011/11/21,23.25
2011/11/22,23.25
2011/11/23,22.20
2011/11/24,22.62
2011/11/25,23.46
2011/11/28,23.67
2011/11/29,24.08
2011/11/30,24.08
2011/12/01,25.13
2011/12/02,24.50
2011/12/05,24.29
2011/12/06,23.77
2011/12/07,23.77
2011/12/08,23.25
2011/12/09,22.41
2011/12/12,22.72
2011/12/13,22.30
2011/12/14,23.04
2011/12/15,22.30
2011/12/16,22.41
2011/12/19,21.26
2011/12/20,21.26
2011/12/21,22.72
2011/12/22,22.41
2011/12/23,23.25
2011/12/26,22.83
2011/12/27,23.67
2011/12/28,25.24
2011/12/29,25.34
2011/12/30,25.34
2012/01/02,24.71
2012/01/03,26.39
2012/01/04,26.60
2012/01/05,28.27
2012/01/06,27.23
2012/01/09,27.85
2012/01/10,28.06
2012/01/11,27.85
2012/01/12,27.12
2012/01/13,26.70
2012/01/16,26.28
2012/01/17,26.60
2012/01/18,25.65
2012/01/30,26.49
2012/01/31,27.23
2012/02/01,29.11
2012/02/02,31.10
2012/02/03,33.19
2012/02/04,32.67
2012/02/06,32.46
2012/02/07,33.51
2012/02/08,34.35
2012/02/09,33.93
2012/02/10,34.03
2012/02/13,36.34
2012/02/14,35.29
2012/02/15,36.23
2012/02/16,34.66
2012/02/17,34.14
2012/02/20,34.97
2012/02/21,34.97
2012/02/22,35.29
2012/02/23,34.76
2012/02/24,34.45
2012/02/29,35.81
2012/03/01,37.49
2012/03/02,36.86
2012/03/03,36.75
2012/03/05,35.60
2012/03/06,34.87
2012/03/07,34.24
2012/03/08,35.60
2012/03/09,34.97
2012/03/12,34.45
2012/03/13,34.87
2012/03/14,36.02
2012/03/15,35.71
2012/03/16,35.92
2012/03/19,35.92
2012/03/20,34.97
2012/03/21,34.97
2012/03/22,34.76
2012/03/23,34.66
2012/03/26,34.45
2012/03/27,34.24
2012/03/28,34.45
2012/03/29,32.78
2012/03/30,32.98
2012/04/02,33.19
2012/04/03,31.94
2012/04/05,32.78
2012/04/06,33.09
2012/04/09,33.61
2012/04/10,32.46
2012/04/11,31.83
2012/04/12,30.58
2012/04/13,30.05
2012/04/16,29.11
2012/04/17,27.23
2012/04/18,26.81
2012/04/19,27.54
2012/04/20,26.81
2012/04/23,26.91
2012/04/24,27.02
2012/04/25,27.02
2012/04/26,27.02
2012/04/27,26.18
2012/04/30,25.97
2012/05/02,26.28
2012/05/03,26.28
2012/05/04,28.06
2012/05/07,27.54
2012/05/08,28.06
2012/05/09,28.17
2012/05/10,28.59
2012/05/11,27.33
2012/05/14,26.60
2012/05/15,25.76
2012/05/16,24.82
2012/05/17,25.34
2012/05/18,24.08
2012/05/21,24.29
2012/05/22,24.92
2012/05/23,24.71
2012/05/24,24.19
2012/05/25,24.40
2012/05/28,24.71
2012/05/29,26.28
2012/05/30,25.55
2012/05/31,25.86
2012/06/01,25.13
2012/06/04,23.98
2012/06/05,24.50
2012/06/06,24.71
2012/06/07,25.03
2012/06/08,25.03
2012/06/11,25.13
2012/06/12,25.34
2012/06/13,25.24
2012/06/14,25.34
2012/06/15,25.65
2012/06/18,26.70
2012/06/19,26.49
2012/06/20,27.02
2012/06/21,27.02
2012/06/22,27.23
2012/06/25,27.54
2012/06/26,26.70
2012/06/27,27.75
2012/06/28,27.23
2012/06/29,27.96
2012/07/02,27.85
2012/07/03,27.85
2012/07/04,28.38
2012/07/05,28.38
2012/07/06,28.17
2012/07/09,27.75
2012/07/10,27.54
2012/07/11,27.44
2012/07/12,27.12
2012/07/13,27.02
2012/07/16,27.64
2012/07/17,28.06
2012/07/18,27.23
2012/07/19,27.12
2012/07/20,27.12
2012/07/23,25.55
2012/07/24,25.03
2012/07/25,24.71
2012/07/26,24.92
2012/07/27,25.55
2012/07/30,25.34
2012/07/31,25.76
2012/08/01,26.39
2012/08/03,26.28
2012/08/06,27.23
2012/08/07,27.23
2012/08/08,27.23
2012/08/09,27.64
2012/08/10,27.54
2012/08/13,27.54
2012/08/14,27.23
2012/08/15,27.02
2012/08/16,26.81
2012/08/17,26.81
2012/08/20,26.39
2012/08/21,26.39
2012/08/22,26.18
2012/08/23,26.18
2012/08/24,26.81
2012/08/27,26.49
2012/08/28,25.76
2012/08/29,25.86
2012/08/30,25.65
2012/08/31,25.03
2012/09/03,25.55
2012/09/04,25.24
2012/09/05,24.71
2012/09/06,24.61
2012/09/07,24.71
2012/09/10,25.13
2012/09/11,25.03
2012/09/12,25.03
2012/09/13,24.92
2012/09/14,25.13
2012/09/17,26.18
2012/09/18,25.86
2012/09/19,25.97
2012/09/20,26.18
2012/09/21,26.18
2012/09/24,25.76
2012/09/25,25.45
2012/09/26,25.34
2012/09/27,25.45
2012/09/28,25.55
2012/10/01,25.13
2012/10/02,25.34
2012/10/03,25.13
2012/10/04,25.65
2012/10/05,25.34
2012/10/08,25.13
2012/10/09,24.92
2012/10/11,24.82
2012/10/12,24.82
2012/10/15,24.82
2012/10/16,24.92
2012/10/17,24.92
2012/10/18,25.55
2012/10/19,25.34
2012/10/22,25.34
2012/10/23,25.03
2012/10/24,24.92
2012/10/25,24.82
2012/10/26,23.25
2012/10/29,23.35
2012/10/30,23.67
2012/10/31,23.87
2012/11/01,24.29
2012/11/02,24.19
2012/11/05,24.19
2012/11/06,24.19
2012/11/07,24.19
2012/11/08,24.19
2012/11/09,24.40
2012/11/12,24.50
2012/11/13,24.08
2012/11/14,23.98
2012/11/15,24.08
2012/11/16,23.87
2012/11/19,23.87
2012/11/20,23.98
2012/11/21,23.46
2012/11/22,23.56
2012/11/23,24.19
2012/11/26,24.92
2012/11/27,24.82
2012/11/28,24.50
2012/11/29,24.92
2012/11/30,25.65
2012/12/03,25.97
2012/12/04,26.18
2012/12/05,26.60
2012/12/06,26.18
2012/12/07,26.18
2012/12/10,25.97
2012/12/11,26.49
2012/12/12,26.70
2012/12/13,27.44
2012/12/14,26.91
2012/12/17,27.12
2012/12/18,27.33
2012/12/19,27.33
2012/12/20,27.75
2012/12/21,27.23
2012/12/22,27.64
2012/12/24,27.33
2012/12/25,27.54
2012/12/26,27.96
2012/12/27,27.85
2012/12/28,29.11
2013/01/02,29.63
2013/01/03,29.84
2013/01/04,30.58
2013/01/07,31.00
2013/01/08,30.79
2013/01/09,31.62
2013/01/10,32.36
2013/01/11,32.25
2013/01/14,31.10
2013/01/15,30.58
2013/01/16,30.79
2013/01/17,29.01
2013/01/18,30.26
2013/01/21,30.58
2013/01/22,30.16
2013/01/23,29.95
2013/01/24,29.74
2013/01/25,29.22
2013/01/28,29.01
2013/01/29,29.32
2013/01/30,29.74
2013/01/31,29.84
2013/02/01,29.32
2013/02/04,29.32
2013/02/05,29.01
2013/02/06,29.11
2013/02/18,29.11
2013/02/19,28.59
2013/02/20,30.58
2013/02/21,30.26
2013/02/22,29.95
2013/02/23,31.20
2013/02/25,30.58
2013/02/26,29.84
2013/02/27,29.42
2013/03/01,30.16
2013/03/04,29.63
2013/03/05,29.74
2013/03/06,30.16
2013/03/07,30.05
2013/03/08,31.10
2013/03/11,31.62
2013/03/12,30.68
2013/03/13,31.00
2013/03/14,30.47
2013/03/15,29.74
2013/03/18,29.53
2013/03/19,29.53
2013/03/20,29.11
2013/03/21,29.11
2013/03/22,28.90
2013/03/25,29.53
2013/03/26,29.32
2013/03/27,29.11
2013/03/28,28.59
2013/03/29,29.01
2013/04/01,29.32
2013/04/02,29.42
2013/04/03,29.53
2013/04/08,27.85
2013/04/09,27.75
2013/04/10,27.64
2013/04/11,28.17
2013/04/12,28.17
2013/04/15,27.44
2013/04/16,27.75
2013/04/17,27.54
2013/04/18,27.23
2013/04/19,28.06
2013/04/22,27.64
2013/04/23,27.44
2013/04/24,27.85
2013/04/25,27.85
2013/04/26,27.96
2013/04/29,27.54
2013/04/30,27.75
2013/05/02,27.23
2013/05/03,27.12
2013/05/06,26.91
2013/05/07,27.12
2013/05/08,27.75
2013/05/09,27.75
2013/05/10,27.75
2013/05/13,27.12
2013/05/14,27.44
2013/05/15,27.44
2013/05/16,27.23
2013/05/17,27.02
2013/05/20,27.12
2013/05/21,27.33
2013/05/22,28.06
2013/05/23,27.23
2013/05/24,27.23
2013/05/27,27.12
2013/05/28,26.91
2013/05/29,27.02
2013/05/30,26.49
2013/05/31,26.81
2013/06/03,26.60
2013/06/04,25.97
2013/06/05,25.76
2013/06/06,25.24
2013/06/07,25.65
2013/06/10,25.76
2013/06/11,25.55
2013/06/13,25.76
2013/06/14,25.24
2013/06/17,25.55
2013/06/18,25.97
2013/06/19,26.60
2013/06/20,26.28
2013/06/21,25.97
2013/06/24,25.76
2013/06/25,25.45
2013/06/26,25.97
2013/06/27,25.76
2013/06/28,26.07
2013/07/01,25.97
2013/07/02,25.76
2013/07/03,25.65
2013/07/04,25.55
2013/07/05,25.65
2013/07/08,25.24
2013/07/09,25.55
2013/07/10,25.34
2013/07/11,26.39
2013/07/12,26.39
2013/07/15,26.49
2013/07/16,27.02
2013/07/17,27.12
2013/07/18,26.91
2013/07/19,26.60
2013/07/22,26.70
2013/07/23,26.91
2013/07/24,26.91
2013/07/25,26.60
2013/07/26,26.60
2013/07/29,26.07
2013/07/30,26.07
2013/07/31,26.70
2013/08/01,26.81
2013/08/02,26.91
2013/08/05,27.44
2013/08/06,26.81
2013/08/07,26.81
2013/08/08,26.81
2013/08/09,27.02
2013/08/12,26.81
2013/08/13,26.70
2013/08/14,26.81
2013/08/15,26.81
2013/08/16,27.02
2013/08/19,28.06
2013/08/20,28.17
2013/08/22,28.27
2013/08/23,28.59
2013/08/26,28.06
2013/08/27,27.33
2013/08/28,27.23
2013/08/29,27.44
2013/08/30,27.44
2013/09/02,27.33
2013/09/03,27.44
2013/09/04,27.23
2013/09/05,28.27
2013/09/06,28.69
2013/09/09,28.90
2013/09/10,29.32
2013/09/11,29.63
2013/09/12,29.22
2013/09/13,28.59
2013/09/14,28.48
2013/09/16,28.59
2013/09/17,28.59
2013/09/18,28.69
2013/09/23,28.69
2013/09/24,28.69
2013/09/25,29.01
2013/09/26,28.59
2013/09/27,28.80
2013/09/30,28.38
2013/10/01,28.69
2013/10/02,28.69
2013/10/03,29.01
2013/10/04,28.90
2013/10/07,29.11
2013/10/08,29.01
2013/10/09,28.38
2013/10/11,27.75
2013/10/14,27.12
2013/10/15,27.54
2013/10/16,27.44
2013/10/17,27.44
2013/10/18,27.44
2013/10/21,27.12
2013/10/22,27.23
2013/10/23,27.33
2013/10/24,27.12
2013/10/25,27.12
2013/10/28,27.54
2013/10/29,27.44
2013/10/30,27.44
2013/10/31,27.33
2013/11/01,27.23
2013/11/04,27.33
2013/11/05,27.02
2013/11/06,26.91
2013/11/07,26.70
2013/11/08,25.97
2013/11/11,25.86
2013/11/12,25.86
2013/11/13,25.65
2013/11/14,25.86
2013/11/15,26.18
2013/11/18,25.97
2013/11/19,25.97
2013/11/20,25.97
2013/11/21,25.86
2013/11/22,26.18
2013/11/25,27.02
2013/11/26,27.12
2013/11/27,27.12
2013/11/28,27.12
2013/11/29,27.23
2013/12/02,27.23
2013/12/03,26.81
2013/12/04,27.02
2013/12/05,26.81
2013/12/06,26.60
2013/12/09,26.81
2013/12/10,26.91
2013/12/11,26.81
2013/12/12,26.70
2013/12/13,26.81
2013/12/16,27.23
2013/12/17,27.12
2013/12/18,27.23
2013/12/19,27.33
2013/12/20,27.44
2013/12/23,27.75
2013/12/24,28.27
2013/12/25,29.01
2013/12/26,29.01
2013/12/27,29.11
2013/12/30,29.42
2013/12/31,29.22
2014/01/02,29.01
2014/01/03,28.48
2014/01/06,28.90
2014/01/07,28.80
2014/01/08,28.59
2014/01/09,28.59
2014/01/10,28.90
2014/01/13,28.90
2014/01/14,28.38
2014/01/15,28.27
2014/01/16,27.85
2014/01/17,28.06
2014/01/20,28.27
2014/01/21,28.27
2014/01/22,28.48
2014/01/23,28.17
2014/01/24,28.06
2014/01/27,27.54
2014/02/05,26.70
2014/02/06,26.70
2014/02/07,27.02
2014/02/10,26.70
2014/02/11,26.81
2014/02/12,26.91
2014/02/13,26.60
2014/02/14,26.70
2014/02/17,26.81
2014/02/18,27.02
2014/02/19,27.23
2014/02/20,27.02
2014/02/21,27.12
2014/02/24,26.81
2014/02/25,26.81
2014/02/26,26.81
2014/02/27,27.23
2014/03/03,26.81
2014/03/04,26.49
2014/03/05,26.60
2014/03/06,26.81
2014/03/07,26.70
2014/03/10,26.70
2014/03/11,26.49
2014/03/12,26.39
2014/03/13,26.28
2014/03/14,26.18
2014/03/17,26.28
2014/03/18,26.18
2014/03/19,26.07
2014/03/20,25.86
2014/03/21,25.97
2014/03/24,25.97
2014/03/25,25.97
2014/03/26,26.28
2014/03/27,26.81
2014/03/28,26.81
2014/03/31,26.81
2014/04/01,26.70
2014/04/02,27.02
2014/04/03,27.02
2014/04/07,27.12
2014/04/08,27.02
2014/04/09,27.02
2014/04/10,27.12
2014/04/11,26.81
2014/04/14,26.70
2014/04/15,26.60
2014/04/16,26.91
2014/04/17,26.70
2014/04/18,26.81
2014/04/21,26.81
2014/04/22,26.91
2014/04/23,26.81
2014/04/24,26.81
2014/04/25,26.28
2014/04/28,26.39
2014/04/29,26.28
2014/04/30,25.86
2014/05/02,25.97
2014/05/05,25.97
2014/05/06,25.97
2014/05/07,25.97
2014/05/08,26.07
2014/05/09,25.86
2014/05/12,25.76
2014/05/13,25.97
2014/05/14,25.97
2014/05/15,25.97
2014/05/16,25.97
2014/05/19,25.86
2014/05/20,25.86
2014/05/21,25.65
2014/05/22,26.28
2014/05/23,26.49
2014/05/26,26.39
2014/05/27,26.39
2014/05/28,26.70
2014/05/29,26.49
2014/05/30,26.60
2014/06/03,26.18
2014/06/04,25.97
2014/06/05,25.65
2014/06/06,25.76
2014/06/09,25.65
2014/06/10,25.76
2014/06/11,25.65
2014/06/12,25.76
2014/06/13,25.65
2014/06/16,25.76
2014/06/17,25.65
2014/06/18,25.65
2014/06/19,25.55
2014/06/20,25.65
2014/06/23,25.24
2014/06/24,25.34
2014/06/25,25.24
2014/06/26,25.34
2014/06/27,25.24
2014/06/30,25.13
2014/07/01,25.65
2014/07/02,25.45
2014/07/03,25.34
2014/07/04,25.45
2014/07/07,25.45
2014/07/08,25.34
2014/07/09,25.24
2014/07/10,25.65
2014/07/11,25.45
2014/07/14,25.76
2014/07/15,25.86
2014/07/16,25.76
2014/07/17,25.76
2014/07/18,25.65
2014/07/21,25.76
2014/07/22,25.97
2014/07/24,25.86
2014/07/25,25.76
2014/07/28,26.07
2014/07/29,26.07
2014/07/30,26.49
2014/07/31,26.18
2014/08/01,26.39
2014/08/04,26.28
2014/08/05,25.65
2014/08/06,25.86
2014/08/07,25.76
2014/08/08,25.34
2014/08/11,25.65
2014/08/12,25.86
2014/08/13,26.49
2014/08/14,26.28
2014/08/15,26.28
2014/08/18,26.39
2014/08/19,26.39
2014/08/20,27.54
2014/08/21,27.54
2014/08/22,28.48
2014/08/25,28.90
2014/08/26,28.48
2014/08/27,28.38
2014/08/28,28.38
2014/08/29,28.17
2014/09/01,28.38
2014/09/02,28.06
2014/09/03,28.38
2014/09/04,28.38
2014/09/05,28.69
2014/09/09,29.53
2014/09/10,29.42
2014/09/11,29.84
2014/09/12,29.01
2014/09/15,29.11
2014/09/16,28.90
2014/09/17,29.01
2014/09/18,29.11
2014/09/19,28.90
2014/09/22,28.17
2014/09/23,27.44
2014/09/24,27.54
2014/09/25,27.33
2014/09/26,27.64
2014/09/29,27.33
2014/09/30,27.75
2014/10/01,27.54
2014/10/02,27.64
2014/10/03,27.64
2014/10/06,27.75
2014/10/07,27.75
2014/10/08,27.44
2014/10/09,27.75
2014/10/13,26.81
2014/10/14,28.06
2014/10/15,28.27
2014/10/16,28.06
2014/10/17,28.06
2014/10/20,28.69
2014/10/21,28.48
2014/10/22,28.59
2014/10/23,29.11
2014/10/24,28.38
2014/10/27,27.75
2014/10/28,28.17
2014/10/29,28.38
2014/10/30,28.59
2014/10/31,29.11
2014/11/03,29.01
2014/11/04,29.11
2014/11/05,29.95
2014/11/06,29.63
2014/11/07,29.74
2014/11/10,29.74
2014/11/11,29.63
2014/11/12,29.11
2014/11/13,29.32
2014/11/14,29.74
2014/11/17,29.11
2014/11/18,27.85
2014/11/19,27.75
2014/11/20,28.27
2014/11/21,28.06
2014/11/24,28.27
2014/11/25,27.64
2014/11/26,27.75
2014/11/27,27.44
2014/11/28,28.27
2014/12/01,28.17
2014/12/02,28.06
2014/12/03,28.59
2014/12/04,29.11
2014/12/05,29.32
2014/12/08,29.84
2014/12/09,29.42
2014/12/10,28.80
2014/12/11,28.90
2014/12/12,29.11
2014/12/15,29.95
2014/12/16,29.74
2014/12/17,29.32
2014/12/18,30.68
2014/12/19,32.67
2014/12/22,32.67
2014/12/23,33.40
2014/12/24,33.51
2014/12/25,33.40
2014/12/26,33.09
2014/12/27,33.19
2014/12/29,33.93
2014/12/30,35.08
2014/12/31,35.29
2015/01/05,35.29
2015/01/06,34.87
2015/01/07,35.92
2015/01/08,35.18
2015/01/09,35.92
2015/01/12,35.60
2015/01/13,35.71
2015/01/14,36.23
2015/01/15,35.29
2015/01/16,35.39
2015/01/19,34.56
2015/01/20,35.18
2015/01/21,35.39
2015/01/22,35.60
2015/01/23,35.18
2015/01/26,36.34
2015/01/27,36.65
2015/01/28,36.23
2015/01/29,35.39
2015/01/30,35.39
2015/02/02,33.93
2015/02/03,34.14
2015/02/04,33.61
2015/02/05,34.24
2015/02/06,34.14
2015/02/09,34.03
2015/02/10,33.72
2015/02/11,33.51
2015/02/12,34.14
2015/02/13,34.03
2015/02/24,33.93
2015/02/25,35.39
2015/02/26,35.60
2015/03/02,36.65
2015/03/03,36.44
2015/03/04,35.81
2015/03/05,35.50
2015/03/06,36.02
2015/03/09,35.81
2015/03/10,36.02
2015/03/11,37.07
2015/03/12,38.22
2015/03/13,38.01
2015/03/16,38.22
2015/03/17,38.33
2015/03/18,39.90
2015/03/19,39.27
2015/03/20,38.95
2015/03/23,38.85
2015/03/24,39.79
2015/03/25,38.74
2015/03/26,36.23
2015/03/27,36.02
2015/03/30,36.55
2015/03/31,37.70
2015/04/01,37.28
2015/04/02,37.17
2015/04/07,38.01
2015/04/08,38.12
2015/04/09,37.80
2015/04/10,37.28
2015/04/13,38.22
2015/04/14,38.33
2015/04/15,37.17
2015/04/16,37.07
2015/04/17,36.55
2015/04/20,34.56
2015/04/21,34.87
2015/04/22,35.60
2015/04/23,35.39
2015/04/24,33.51
2015/04/27,32.67
2015/04/28,33.30
2015/04/29,33.30
2015/04/30,33.61
2015/05/04,32.98
2015/05/05,33.30
2015/05/06,31.41
2015/05/07,30.68
2015/05/08,31.31
2015/05/11,30.79
2015/05/12,30.89
2015/05/13,31.00
2015/05/14,31.10
2015/05/15,30.37
2015/05/18,28.27
2015/05/19,27.85
2015/05/20,27.44
2015/05/21,25.97
2015/05/22,26.07
2015/05/25,26.49
2015/05/26,26.18
2015/05/27,25.97
2015/05/28,25.97
2015/05/29,26.07
2015/06/01,25.65
2015/06/02,25.34
2015/06/03,24.92
2015/06/04,24.08
2015/06/05,23.67
2015/06/08,23.25
2015/06/09,21.36
2015/06/10,23.46
2015/06/11,23.04
2015/06/12,22.30
2015/06/15,21.68
2015/06/16,21.89
2015/06/17,21.89
2015/06/18,22.83
2015/06/22,22.72
2015/06/23,22.41
2015/06/24,22.62
2015/06/25,22.83
2015/06/26,22.72
2015/06/29,22.20
2015/06/30,22.62
2015/07/01,23.35
2015/07/02,23.04
2015/07/03,23.04
2015/07/06,24.19
2015/07/07,25.13
2015/07/08,24.08
2015/07/09,23.56
2015/07/13,23.67
2015/07/14,23.87
2015/07/15,25.24
2015/07/16,25.24
2015/07/17,24.82
2015/07/20,24.08
2015/07/21,24.50
2015/07/22,24.29
2015/07/23,24.19
2015/07/24,24.19
2015/07/27,23.14
2015/07/28,22.51
2015/07/29,22.83
2015/07/30,22.83
2015/07/31,22.72
2015/08/03,23.46
2015/08/04,22.83
2015/08/05,23.25
2015/08/06,22.83
2015/08/07,22.83
2015/08/10,23.56
2015/08/11,23.35
2015/08/12,22.93
2015/08/13,22.72
2015/08/14,22.62
2015/08/17,22.62
2015/08/18,22.41
2015/08/19,21.47
2015/08/20,21.78
2015/08/21,21.36
2015/08/24,19.27
2015/08/25,20.15
2015/08/26,20.27
2015/08/27,20.84
2015/08/28,22.83
2015/08/31,21.89
2015/09/01,21.47
2015/09/02,21.05
2015/09/03,21.15
2015/09/04,20.63
2015/09/07,20.73
2015/09/08,20.78
2015/09/09,21.47
2015/09/10,22.09
2015/09/11,21.68
2015/09/14,21.68
2015/09/15,21.57
2015/09/16,21.47
2015/09/17,21.68
2015/09/18,21.36
2015/09/21,21.15
2015/09/22,21.05
2015/09/23,20.78
2015/09/24,20.44
2015/09/25,20.08
2015/09/30,19.92
2015/10/01,20.59
2015/10/02,20.44
2015/10/05,20.48
2015/10/06,20.71
2015/10/07,20.90
2015/10/08,20.71
2015/10/12,20.94
2015/10/13,21.15
2015/10/14,21.15
2015/10/15,21.26
2015/10/16,21.15
2015/10/19,21.05
2015/10/20,21.15
2015/10/21,20.92
2015/10/22,20.92
2015/10/23,21.05
2015/10/26,21.26
2015/10/27,21.26
2015/10/28,21.05
2015/10/29,20.84
2015/10/30,20.71
2015/11/02,20.80
2015/11/03,20.94
2015/11/04,21.15
2015/11/05,21.05
2015/11/06,20.63
2015/11/09,20.29
2015/11/10,19.90
2015/11/11,19.39
2015/11/12,19.35
2015/11/13,18.95
2015/11/16,18.45
2015/11/17,19.10
2015/11/18,18.87
2015/11/19,18.76
2015/11/20,18.26
2015/11/23,18.09
2015/11/24,18.26
2015/11/25,17.89
2015/11/26,18.47
2015/11/27,17.72
2015/11/30,16.96
2015/12/01,17.01
2015/12/02,17.05
2015/12/03,16.88
2015/12/04,16.78
2015/12/07,16.82
2015/12/08,16.36
2015/12/09,16.80
2015/12/10,16.52
2015/12/11,16.42
2015/12/14,15.75
2015/12/15,15.83
2015/12/16,16.48
2015/12/17,17.26
2015/12/18,16.98
2015/12/21,17.49
2015/12/22,17.24
2015/12/23,17.11
2015/12/24,17.36
2015/12/25,18.18
2015/12/28,18.37
2015/12/29,17.91
2015/12/30,18.16
2015/12/31,18.20
2016/01/04,17.42
2016/01/05,17.28
2016/01/06,17.17
2016/01/07,16.61
2016/01/08,16.73
2016/01/11,16.36
2016/01/12,16.15
2016/01/13,16.17
2016/01/14,16.06
2016/01/15,15.94
2016/01/18,16.63
2016/01/19,16.52
2016/01/20,16.13
2016/01/21,16.11
2016/01/22,16.19
2016/01/25,16.31
2016/01/26,16.34
2016/01/27,16.27
2016/01/28,16.54
2016/01/29,16.50
2016/01/30,17.30
2016/02/01,16.98
2016/02/02,16.96
2016/02/03,16.75
2016/02/15,16.69
2016/02/16,17.07
2016/02/17,16.88
2016/02/18,16.90
2016/02/19,17.53
2016/02/22,17.61
2016/02/23,17.82
2016/02/24,18.20
2016/02/25,18.05
2016/02/26,18.43
2016/03/01,18.35
2016/03/02,18.70
2016/03/03,18.70
2016/03/04,18.91
2016/03/07,19.25
2016/03/08,19.75
2016/03/09,19.12
2016/03/10,19.06
2016/03/11,18.85
2016/03/14,18.89
2016/03/15,18.14
2016/03/16,18.49
2016/03/17,18.51
2016/03/18,18.39
2016/03/21,18.16
2016/03/22,18.01
2016/03/23,17.93
2016/03/24,17.91
2016/03/25,18.05
2016/03/28,18.18
2016/03/29,17.91
2016/03/30,17.89
2016/03/31,17.95
2016/04/01,17.74
2016/04/06,17.34
2016/04/07,17.38
2016/04/08,17.86
2016/04/11,18.01
2016/04/12,18.26
2016/04/13,18.26
2016/04/14,18.49
2016/04/15,18.35
2016/04/18,18.01
2016/04/19,17.76
2016/04/20,17.38
2016/04/21,17.36
2016/04/22,17.38
2016/04/25,17.36
2016/04/26,18.03
2016/04/27,18.62
2016/04/28,18.22
2016/04/29,17.86
2016/05/03,17.59
2016/05/04,17.17
2016/05/05,17.01
2016/05/06,17.34
2016/05/09,16.96
2016/05/10,16.86
2016/05/11,16.75
2016/05/12,16.54
2016/05/13,16.31
2016/05/16,16.52
2016/05/17,16.38
2016/05/18,16.19
2016/05/19,16.02
2016/05/20,16.02
2016/05/23,16.06
2016/05/24,16.23
2016/05/25,16.42
2016/05/26,16.17
2016/05/27,16.21
2016/05/30,16.27
2016/05/31,16.31
2016/06/01,16.54
2016/06/02,16.52
2016/06/03,16.34
2016/06/04,16.31
2016/06/06,16.25
2016/06/07,16.25
2016/06/08,16.34
2016/06/13,16.06
2016/06/14,16.00
2016/06/15,16.00
2016/06/16,15.96
2016/06/17,15.90
2016/06/20,16.02
2016/06/21,16.02
2016/06/22,16.52
2016/06/23,16.52
2016/06/24,16.23
2016/06/27,16.17
2016/06/28,16.15
2016/06/29,16.19
2016/06/30,16.44
2016/07/01,16.25
2016/07/04,16.44
2016/07/05,16.27
2016/07/06,16.06
2016/07/07,16.04
2016/07/11,16.08
2016/07/12,16.06
2016/07/13,16.02
2016/07/14,16.15
2016/07/15,16.08
2016/07/18,16.06
2016/07/19,16.06
2016/07/20,15.96
2016/07/21,16.13
2016/07/22,15.98
2016/07/25,15.90
2016/07/26,15.79
2016/07/27,15.73
2016/07/28,15.48
2016/07/29,15.31
2016/08/01,15.67
2016/08/02,15.50
2016/08/03,15.39
2016/08/04,15.35
2016/08/05,15.46
2016/08/08,15.39
2016/08/09,15.39
2016/08/10,15.46
2016/08/11,15.48
2016/08/12,15.46
2016/08/15,15.37
2016/08/16,15.35
2016/08/17,15.12
2016/08/18,14.89
2016/08/19,14.72
2016/08/22,14.79
2016/08/23,15.12
2016/08/24,15.04
2016/08/25,15.08
2016/08/26,15.10
2016/08/29,15.08
2016/08/30,14.91
2016/08/31,15.29
2016/09/01,16.48
2016/09/02,15.81
2016/09/05,15.46
2016/09/06,15.33
2016/09/07,15.27
2016/09/08,15.02
2016/09/09,15.04
2016/09/10,14.95
2016/09/12,14.81
2016/09/13,14.76
2016/09/14,14.87
2016/09/19,14.85
2016/09/20,14.95
2016/09/21,14.91
2016/09/22,14.97
2016/09/23,15.06
2016/09/26,14.93
2016/09/29,14.85
2016/09/30,14.87
2016/10/03,14.87
2016/10/04,14.87
2016/10/05,14.81
2016/10/06,14.83
2016/10/07,14.83
2016/10/11,14.66
2016/10/12,14.53
2016/10/13,14.45
2016/10/14,14.28
2016/10/17,13.99
2016/10/18,14.16
2016/10/19,14.18
2016/10/20,14.87
2016/10/21,14.72
2016/10/24,14.85
2016/10/25,14.68
2016/10/26,14.68
2016/10/27,14.64
2016/10/28,14.60
2016/10/31,14.68
2016/11/01,14.66
2016/11/02,14.53
2016/11/03,14.18
2016/11/04,14.24
2016/11/07,14.35
2016/11/08,12.92
2016/11/09,11.64
2016/11/10,11.96
2016/11/11,11.85
2016/11/14,12.69
2016/11/15,12.40
2016/11/16,12.63
2016/11/17,12.67
2016/11/18,12.80
2016/11/21,12.65
2016/11/22,12.44
2016/11/23,12.06
2016/11/24,11.94
2016/11/25,12.10
2016/11/28,12.02
2016/11/29,12.04
2016/11/30,12.04
2016/12/01,11.90
2016/12/02,11.73
2016/12/05,11.31
2016/12/06,10.66
2016/12/07,10.74
2016/12/08,10.70
2016/12/09,10.51
2016/12/12,10.51
2016/12/13,9.89
2016/12/14,9.28
2016/12/15,10.20
2016/12/16,10.37
2016/12/19,10.39
2016/12/20,9.86
2016/12/21,9.82
2016/12/22,9.76
2016/12/23,10.01
2016/12/26,10.07
2016/12/27,10.01
2016/12/28,9.78
2016/12/29,9.76
2016/12/30,10.09
2017/01/03,10.32
2017/01/04,10.24
2017/01/05,10.39
2017/01/06,10.49
2017/01/09,10.43
2017/01/10,10.49
2017/01/11,10.85
2017/01/12,11.25
2017/01/13,11.56
2017/01/16,11.12
2017/01/17,11.20
2017/01/18,11.37
2017/01/19,11.69
2017/01/20,11.62
2017/01/23,11.69
2017/01/24,11.71
2017/02/02,12.02
2017/02/03,13.15
2017/02/06,13.30
2017/02/07,12.84
2017/02/08,12.38
2017/02/09,12.17
2017/02/10,12.21
2017/02/13,12.19
2017/02/14,11.90
2017/02/15,12.61
2017/02/16,12.42
2017/02/17,12.54
2017/02/18,12.57
2017/02/20,13.82
2017/02/21,14.64
2017/02/22,14.49
2017/02/23,14.16
2017/02/24,14.53
2017/03/01,15.41
2017/03/02,15.54
2017/03/03,15.35
2017/03/06,15.50
2017/03/07,15.39
2017/03/08,15.64
2017/03/09,15.46
2017/03/10,15.06
2017/03/13,15.10
2017/03/14,14.93
2017/03/15,15.00
2017/03/16,15.06
2017/03/17,14.81
2017/03/20,14.76
2017/03/21,14.64
2017/03/22,14.41
2017/03/23,14.26
2017/03/24,14.45
2017/03/27,13.89
2017/03/28,13.76
2017/03/29,14.41
2017/03/30,14.47
2017/03/31,14.64
2017/04/05,14.81
2017/04/06,14.76
2017/04/07,15.02
2017/04/10,14.85
2017/04/11,14.37
2017/04/12,14.56
2017/04/13,14.26
2017/04/14,13.82
2017/04/17,13.09
2017/04/18,13.19
2017/04/19,12.88
2017/04/20,12.88
2017/04/21,12.88
2017/04/24,12.88
2017/04/25,12.88
2017/04/26,12.88
2017/04/27,12.88
2017/04/28,12.88
2017/05/02,12.88
2017/05/03,12.88
2017/05/04,13.02
2017/05/05,12.53
2017/05/08,11.65
2017/05/09,10.81
2017/05/10,11.11
2017/05/11,11.45
2017/05/12,11.16
2017/05/15,11.21
2017/05/16,11.21
2017/05/17,11.26
2017/05/18,11.21
2017/05/19,11.45
2017/05/22,11.30
2017/05/23,11.35
2017/05/24,11.26
2017/05/25,12.33
2017/05/26,12.53
2017/05/31,12.67
2017/06/01,12.82
2017/06/02,12.58
2017/06/03,12.63
2017/06/05,12.58
2017/06/06,12.63
2017/06/07,12.48
2017/06/08,12.48
2017/06/09,12.48
2017/06/12,12.33
2017/06/13,12.53
2017/06/14,12.09
2017/06/15,12.18
2017/06/16,11.99
2017/06/19,11.89
2017/06/20,12.23
2017/06/21,12.28
2017/06/22,12.23
2017/06/23,12.14
2017/06/26,12.18
2017/06/27,12.14
2017/06/28,11.99
2017/06/29,12.28
2017/06/30,12.28
2017/07/03,12.87
2017/07/04,13.31
2017/07/05,13.07
2017/07/06,13.11
2017/07/07,12.92
2017/07/10,13.36
2017/07/11,13.21
2017/07/12,13.21
2017/07/13,13.60
2017/07/14,13.46
2017/07/17,13.07
2017/07/18,13.26
2017/07/19,13.11
2017/07/20,13.02
2017/07/21,13.11
2017/07/24,13.16
2017/07/25,13.07
2017/07/26,12.92
2017/07/27,12.97
2017/07/28,12.97
2017/07/31,13.16
2017/08/01,13.07
2017/08/02,13.31
2017/08/03,13.31
2017/08/04,13.41
2017/08/07,13.46
2017/08/08,13.90
2017/08/09,14.00
2017/08/10,13.41
2017/08/11,13.60
2017/08/14,13.90
2017/08/15,14.53
2017/08/16,15.32
2017/08/17,15.46
2017/08/18,15.90
2017/08/21,16.44
2017/08/22,16.30
2017/08/23,16.54
2017/08/24,16.64
2017/08/25,16.54
2017/08/28,15.95
2017/08/29,16.20
2017/08/30,16.64
2017/08/31,16.39
2017/09/01,16.10
2017/09/04,15.86
2017/09/05,15.86
2017/09/06,15.51
2017/09/07,15.56
2017/09/08,15.61
2017/09/11,15.27
2017/09/12,14.97
2017/09/13,14.58
2017/09/14,14.44
2017/09/15,14.39
2017/09/18,14.39
2017/09/19,14.83
2017/09/20,14.48
2017/09/21,14.48
2017/09/22,14.00
2017/09/25,12.77
2017/09/26,12.87
2017/09/27,13.02
2017/09/28,12.87
2017/09/29,12.60
2017/09/30,12.70
2017/10/02,12.65
2017/10/03,12.65
2017/10/05,12.70
2017/10/06,12.85
2017/10/11,12.55
2017/10/12,12.30
2017/10/13,12.50
2017/10/16,12.40
2017/10/17,12.30
2017/10/18,12.25
2017/10/19,12.25
2017/10/20,12.30
2017/10/23,12.45
2017/10/24,12.55
2017/10/25,12.45
2017/10/26,12.35
2017/10/27,12.35
2017/10/30,12.35
2017/10/31,12.35
2017/11/01,12.25
2017/11/02,12.25
2017/11/03,12.20
2017/11/06,12.15
2017/11/07,12.05
2017/11/08,12.10
2017/11/09,12.20
2017/11/10,12.20
2017/11/13,12.15
2017/11/14,12.10
2017/11/15,12.05
2017/11/16,12.05
2017/11/17,12.05
2017/11/20,12.00
2017/11/21,12.05
2017/11/22,12.15
2017/11/23,12.15
2017/11/24,12.15
2017/11/27,12.15
2017/11/28,12.55
2017/11/29,12.30
2017/11/30,12.00
2017/12/01,12.00
2017/12/04,11.95
2017/12/05,11.80
2017/12/06,11.40
2017/12/07,11.30
2017/12/08,11.20
2017/12/11,11.50
2017/12/12,11.25
2017/12/13,11.45
2017/12/14,11.40
2017/12/15,11.40
2017/12/18,11.25
2017/12/19,11.35
2017/12/20,11.25
2017/12/21,11.30
2017/12/22,11.30
2017/12/25,11.25
2017/12/26,11.20
2017/12/27,11.20
2017/12/28,11.50
2017/12/29,11.50
2018/01/02,12.40
2018/01/03,12.15
2018/01/04,12.15
2018/01/05,12.30
2018/01/08,12.35
2018/01/09,12.20
2018/01/10,12.00
2018/01/11,11.90
2018/01/12,12.00
2018/01/15,12.00
2018/01/16,11.95
2018/01/17,11.90
2018/01/18,11.90
2018/01/19,11.80
2018/01/22,11.75
2018/01/23,11.60
2018/01/24,11.90
2018/01/25,11.70
2018/01/26,11.70
2018/01/29,11.70
2018/01/30,11.60
2018/01/31,11.60
2018/02/01,11.65
2018/02/02,11.55
2018/02/05,11.40
2018/02/06,10.60
2018/02/07,10.55
2018/02/08,10.20
2018/02/09,9.80
2018/02/12,9.82
2018/02/21,10.15
2018/02/22,10.15
2018/02/23,10.15
2018/02/26,10.15
2018/02/27,10.40
2018/03/01,11.30
2018/03/02,11.05
2018/03/05,10.90
2018/03/06,10.70
2018/03/07,10.60
2018/03/08,10.65
2018/03/09,10.90
2018/03/12,11.20
2018/03/13,11.05
2018/03/14,10.95
2018/03/15,10.85
2018/03/16,10.80
2018/03/19,10.95
2018/03/20,10.90
2018/03/21,10.80
2018/03/22,10.70
2018/03/23,10.40
2018/03/26,10.35
2018/03/27,10.45
2018/03/28,10.40
2018/03/29,10.40
2018/03/30,10.45
2018/03/31,10.55
2018/04/02,10.40
2018/04/03,10.40
2018/04/09,10.35
2018/04/10,10.35
2018/04/11,10.35
2018/04/12,10.35
2018/04/13,10.60
2018/04/16,10.55
2018/04/17,10.35
2018/04/18,10.35
2018/04/19,10.45
2018/04/20,10.35
2018/04/23,10.20
2018/04/24,10.10
2018/04/25,10.05
2018/04/26,10.05
2018/04/27,10.05
2018/04/30,10.30
2018/05/02,10.30
2018/05/03,10.40
2018/05/04,10.35
2018/05/07,10.40
2018/05/08,10.40
2018/05/09,10.35
2018/05/10,10.35
2018/05/11,10.30
2018/05/14,9.61
2018/05/15,9.62
2018/05/16,9.50
2018/05/17,9.29
2018/05/18,9.17
2018/05/21,9.19
2018/05/22,9.42
2018/05/23,9.41
2018/05/24,9.37
2018/05/25,9.38
2018/05/28,9.75
2018/05/29,9.48
2018/05/30,9.42
2018/05/31,9.49
2018/06/01,9.49
2018/06/04,9.42
2018/06/05,9.42
2018/06/06,9.45
2018/06/07,9.66
2018/06/08,9.60
2018/06/11,9.61
2018/06/12,9.88
2018/06/13,9.79
2018/06/14,9.89
2018/06/15,9.76
2018/06/19,9.78
2018/06/20,9.69
2018/06/21,9.55
2018/06/22,9.47
2018/06/25,9.33
2018/06/26,9.22
2018/06/27,8.98
2018/06/28,8.80
2018/06/29,9.00
2018/07/02,9.10
2018/07/03,8.90
2018/07/04,8.90
2018/07/05,8.79
2018/07/06,8.73
2018/07/09,8.78
2018/07/10,8.93
2018/07/11,8.97
2018/07/12,8.94
2018/07/13,8.97
2018/07/16,8.97
2018/07/17,9.01
2018/07/18,9.05
2018/07/19,9.09
2018/07/20,9.14
2018/07/23,9.11
2018/07/24,9.38
2018/07/25,9.23
2018/07/26,9.28
2018/07/27,9.19
2018/07/30,9.14
2018/07/31,9.18
2018/08/01,9.28
2018/08/02,9.13
2018/08/03,9.20
2018/08/06,9.27
2018/08/07,9.30
2018/08/08,9.31
2018/08/09,9.27
2018/08/10,9.08
2018/08/13,8.62
2018/08/14,8.63
2018/08/15,8.50
2018/08/16,8.41
2018/08/17,8.36
2018/08/20,8.57
2018/08/21,8.69
2018/08/22,8.79
2018/08/23,8.96
2018/08/24,8.85
2018/08/27,8.82
2018/08/28,8.88
2018/08/29,8.91
2018/08/30,8.85
2018/08/31,8.84
2018/09/03,8.76
2018/09/04,8.68
2018/09/05,8.64
2018/09/06,8.56
2018/09/07,8.60
2018/09/10,8.45
2018/09/11,8.68
2018/09/12,8.55
2018/09/13,8.59
2018/09/14,8.82
2018/09/17,8.75
2018/09/18,8.77
2018/09/19,8.77
2018/09/20,8.69
2018/09/21,8.72
2018/09/25,8.65
2018/09/26,8.65
2018/09/27,8.82
2018/09/28,8.73
2018/10/01,8.71
2018/10/02,8.62
2018/10/03,8.59
2018/10/04,8.51
2018/10/05,8.45
2018/10/08,8.41
2018/10/09,8.38
2018/10/11,7.58
2018/10/12,7.43
2018/10/15,7.56
2018/10/16,7.47
2018/10/17,7.61
2018/10/18,8.37
2018/10/19,8.72
2018/10/22,8.90
2018/10/23,8.66
2018/10/24,8.68
2018/10/25,8.38
2018/10/26,8.35
2018/10/29,8.09
2018/10/30,8.30
2018/10/31,8.54
2018/11/01,8.55
2018/11/02,8.45
2018/11/05,8.46
2018/11/06,8.38
2018/11/07,8.36
2018/11/08,8.47
2018/11/09,8.31
2018/11/12,8.30
2018/11/13,8.27
2018/11/14,8.30
2018/11/15,8.27
2018/11/16,8.40
2018/11/19,8.45
2018/11/20,8.39
2018/11/21,8.56
2018/11/22,8.48
2018/11/23,8.44
2018/11/26,8.63
2018/11/27,9.00
2018/11/28,9.19
2018/11/29,8.94
2018/11/30,9.04
2018/12/03,9.00
2018/12/04,9.06
2018/12/05,9.00
2018/12/06,8.82
2018/12/07,8.89
2018/12/10,8.68
2018/12/11,8.93
2018/12/12,8.93
2018/12/13,9.00
2018/12/14,8.99
2018/12/17,9.41
2018/12/18,9.21
2018/12/19,9.30
2018/12/20,9.12
2018/12/21,9.11
2018/12/22,8.99
2018/12/24,8.98
2018/12/25,8.72
2018/12/26,8.66
2018/12/27,8.75
2018/12/28,8.80
2019/01/02,8.81
2019/01/03,8.80
2019/01/04,8.60
2019/01/07,8.70
2019/01/08,8.80
2019/01/09,8.87
2019/01/10,8.86
2019/01/11,8.87
2019/01/14,8.68
2019/01/15,8.75
2019/01/16,8.75
2019/01/17,8.75
2019/01/18,8.81
2019/01/21,8.88
2019/01/22,8.89
2019/01/23,8.89
2019/01/24,8.95
2019/01/25,8.96
2019/01/28,8.99
2019/01/29,8.98
2019/01/30,8.94
2019/02/11,8.81
2019/02/12,8.86
2019/02/13,8.83
2019/02/14,8.82
2019/02/15,8.82
2019/02/18,8.86
2019/02/19,8.86
2019/02/20,8.85
2019/02/21,8.95
2019/02/22,8.95
2019/02/25,9.12
2019/02/26,9.19
2019/02/27,9.23
2019/03/04,9.24
2019/03/05,9.15
2019/03/06,9.10
2019/03/07,8.99
2019/03/08,8.96
2019/03/11,8.97
2019/03/12,8.98
2019/03/13,8.92
2019/03/14,8.87
2019/03/15,8.80
2019/03/18,8.82
2019/03/19,8.82
2019/03/20,8.83
2019/03/21,8.83
2019/03/22,8.84
2019/03/25,8.66
2019/03/26,8.63
2019/03/27,8.58
2019/03/28,8.61
2019/03/29,8.65
2019/04/01,8.60
2019/04/02,8.61
2019/04/03,8.64
2019/04/08,8.70
2019/04/09,8.68
2019/04/10,8.68
2019/04/11,8.75
2019/04/12,8.73
2019/04/15,8.83
2019/04/16,8.82
2019/04/17,8.90
2019/04/18,8.81
2019/04/19,8.89
2019/04/22,8.93
2019/04/23,8.90
2019/04/24,8.81
2019/04/25,8.84
2019/04/26,8.79
2019/04/29,8.73
2019/04/30,8.77
2019/05/02,8.87
2019/05/03,8.90
2019/05/06,8.74
2019/05/07,8.70
2019/05/08,8.64
2019/05/09,8.52
2019/05/10,8.48
2019/05/13,8.40
2019/05/14,8.30
2019/05/15,8.30
2019/05/16,8.12
2019/05/17,7.96
2019/05/20,7.97
2019/05/21,8.20
2019/05/22,8.20
2019/05/23,8.06
2019/05/24,8.04
2019/05/27,8.01
2019/05/28,8.06
2019/05/29,8.01
2019/05/30,8.01
2019/05/31,8.13
2019/06/03,8.03
2019/06/04,8.00
2019/06/05,8.00
2019/06/06,7.97
2019/06/10,7.97
2019/06/11,8.00
2019/06/12,7.99
2019/06/13,7.98
2019/06/14,8.09
2019/06/17,8.08
2019/06/18,8.11
2019/06/19,8.17
2019/06/20,8.25
2019/06/21,8.15
2019/06/24,8.21
2019/06/25,8.15
2019/06/26,8.15
2019/06/27,8.14
2019/06/28,8.16
2019/07/01,8.16
2019/07/02,8.20
2019/07/03,8.17
2019/07/04,8.54
2019/07/05,8.51
2019/07/08,8.45
2019/07/09,8.40
2019/07/10,8.45
2019/07/11,8.72
2019/07/12,8.70
2019/07/15,8.68
2019/07/16,8.89
2019/07/17,9.00
2019/07/18,9.01
2019/07/19,9.09
2019/07/22,9.16
2019/07/23,8.98
2019/07/24,8.90
2019/07/25,8.98
2019/07/26,8.94
2019/07/29,8.88
2019/07/30,8.86
2019/07/31,8.73
2019/08/01,8.69
2019/08/02,8.48
2019/08/05,8.35
2019/08/06,8.37
2019/08/07,8.37
2019/08/08,8.45
2019/08/12,8.43
2019/08/13,8.17
2019/08/14,8.05
2019/08/15,7.90
2019/08/16,8.10
2019/08/19,8.04
2019/08/20,7.97
2019/08/21,8.00
2019/08/22,7.99
2019/08/23,7.98
2019/08/26,7.88
2019/08/27,7.86
2019/08/28,7.89
2019/08/29,7.92
2019/08/30,7.96
2019/09/02,8.03
2019/09/03,8.04
2019/09/04,8.05
2019/09/05,8.04
2019/09/06,8.03
2019/09/09,8.01
2019/09/10,8.01
2019/09/11,7.96
2019/09/12,8.02
2019/09/16,7.97
2019/09/17,7.88
2019/09/18,8.00
2019/09/19,7.93
2019/09/20,7.90
2019/09/23,7.94
2019/09/24,7.90
2019/09/25,7.87
2019/09/26,7.88
2019/09/27,7.80
2019/10/01,7.82
2019/10/02,7.77
2019/10/03,7.65
2019/10/04,7.68
2019/10/07,7.65
2019/10/08,7.55
2019/10/09,7.48
2019/10/14,7.60
2019/10/15,7.53
2019/10/16,7.61
2019/10/17,7.63
2019/10/18,7.64
2019/10/21,7.68
2019/10/22,7.75
2019/10/23,7.72
2019/10/24,7.73
2019/10/25,7.69
2019/10/28,7.69
2019/10/29,7.64
2019/10/30,7.60
2019/10/31,7.58
2019/11/01,7.59
2019/11/04,7.59
2019/11/05,7.58
2019/11/06,7.57
2019/11/07,7.57
2019/11/08,7.54
2019/11/11,7.51
2019/11/12,7.48
2019/11/13,7.45
2019/11/14,7.33
2019/11/15,7.22
2019/11/18,7.07
2019/11/19,7.02
2019/11/20,7.03
2019/11/21,7.02
2019/11/22,7.05
2019/11/25,7.06
2019/11/26,7.05
2019/11/27,7.10
2019/11/28,7.09
2019/11/29,7.29
2019/12/02,7.52
2019/12/03,7.50
2019/12/04,7.49
2019/12/05,7.41
2019/12/06,7.29
2019/12/09,7.27
2019/12/10,7.30
2019/12/11,7.28
2019/12/12,7.27
2019/12/13,7.26
2019/12/16,7.26
2019/12/17,7.31
2019/12/18,7.37
2019/12/19,7.31
2019/12/20,7.23
2019/12/23,7.24
2019/12/24,7.23
2019/12/25,7.24
2019/12/26,7.23
2019/12/27,7.20
2019/12/30,7.20
2019/12/31,7.21
2020/01/02,7.28
2020/01/03,7.32
2020/01/06,7.26
2020/01/07,7.28
2020/01/08,7.20
2020/01/09,7.22
2020/01/10,7.23
2020/01/13,7.22
2020/01/14,7.22
2020/01/15,7.25
2020/01/16,7.27
2020/01/17,7.25
2020/01/20,7.18
2020/01/30,6.67
2020/01/31,6.77
2020/02/03,6.46
2020/02/04,6.49
2020/02/05,6.52
2020/02/06,6.68
2020/02/07,6.58
2020/02/10,6.48
2020/02/11,6.47
2020/02/12,6.53
2020/02/13,6.60
2020/02/14,6.58
2020/02/17,6.60
2020/02/18,6.99
2020/02/19,7.21
2020/02/20,7.14
2020/02/21,7.09
2020/02/24,6.94
2020/02/25,6.91
2020/02/26,6.85
2020/02/27,6.93
2020/03/02,6.77
2020/03/03,6.78
2020/03/04,6.86
2020/03/05,6.90
2020/03/06,6.81
2020/03/09,6.58
2020/03/10,6.63
2020/03/11,6.55
2020/03/12,6.19
2020/03/13,5.68
2020/03/16,5.20
2020/03/17,4.95
2020/03/18,4.96
2020/03/19,4.73
2020/03/20,5.02
2020/03/23,4.89
2020/03/24,4.97
2020/03/25,5.15
2020/03/26,5.25
2020/03/27,5.18
2020/03/30,5.09
2020/03/31,5.08
2020/04/01,5.06
2020/04/06,5.04
2020/04/07,5.13
2020/04/08,5.24
2020/04/09,5.45
2020/04/10,5.50
2020/04/13,5.36
2020/04/14,5.42
2020/04/15,5.47
2020/04/16,5.41
2020/04/17,5.41
2020/04/20,5.45
2020/04/21,5.40
2020/04/22,5.40
2020/04/23,5.39
2020/04/24,5.43
2020/04/27,5.69
2020/04/28,6.25
2020/04/29,6.79
2020/04/30,6.77
2020/05/04,6.57
2020/05/05,6.43
2020/05/06,6.36
2020/05/07,6.38
2020/05/08,6.37
2020/05/11,6.45
2020/05/12,6.31
2020/05/13,6.59
2020/05/14,6.39
2020/05/15,6.32
2020/05/18,6.36
2020/05/19,6.45
2020/05/20,6.40
2020/05/21,6.83
2020/05/22,6.68
2020/05/25,6.53
2020/05/26,6.61
2020/05/27,6.59
2020/05/28,6.53
2020/05/29,6.50
2020/06/01,6.59
2020/06/02,6.58
2020/06/03,6.61
2020/06/04,6.65
2020/06/05,6.85
2020/06/08,6.85
2020/06/09,6.89
2020/06/10,6.84
2020/06/11,6.54
2020/06/12,6.42
2020/06/15,6.42
2020/06/16,6.59
2020/06/17,6.55
2020/06/18,6.49
2020/06/19,6.59
2020/06/22,6.59
2020/06/23,6.59
2020/06/24,6.54
2020/06/29,6.47
2020/06/30,6.50
2020/07/01,6.45
2020/07/02,6.45
2020/07/03,6.51
2020/07/06,6.56
2020/07/07,6.53
2020/07/08,6.65
2020/07/09,6.57
2020/07/10,6.40
2020/07/13,6.40
2020/07/14,6.34
2020/07/15,6.35
2020/07/16,6.42
2020/07/17,6.31
2020/07/20,6.28
2020/07/21,6.34
2020/07/22,6.39
2020/07/23,6.37
2020/07/24,6.25
2020/07/27,6.10
2020/07/28,6.06
2020/07/29,6.24
2020/07/30,6.24
2020/07/31,6.31
2020/08/03,6.29
2020/08/04,6.25
2020/08/05,6.25
2020/08/06,6.38
2020/08/07,6.46
2020/08/10,7.10
2020/08/11,7.81
2020/08/12,7.69
2020/08/13,7.89
2020/08/14,8.59
2020/08/17,8.62
2020/08/18,8.43
2020/08/19,8.24
2020/08/20,7.67
2020/08/21,7.84
2020/08/24,7.95
2020/08/25,8.74
2020/08/26,9.61
2020/08/27,9.36
2020/08/28,9.21
2020/08/31,10.10
2020/09/01,10.60
2020/09/02,11.00
2020/09/03,11.05
2020/09/04,11.50
2020/09/07,11.95
2020/09/08,11.25
2020/09/09,11.30
2020/09/10,10.95
2020/09/11,10.20
2020/09/14,10.10
2020/09/15,10.20
2020/09/16,9.81
2020/09/17,9.91
2020/09/18,9.88
2020/09/21,9.88
2020/09/22,9.97
2020/09/23,9.44
2020/09/24,9.01
2020/09/25,9.75
2020/09/28,9.45
2020/09/29,9.61
2020/09/30,9.70
2020/10/05,10.15
2020/10/06,10.15
2020/10/07,10.20
2020/10/08,10.05
2020/10/12,10.00
2020/10/13,10.25
2020/10/14,10.20
2020/10/15,10.40
2020/10/16,10.40
2020/10/19,10.45
2020/10/20,10.60
2020/10/21,10.55
2020/10/22,10.45
2020/10/23,11.00
2020/10/26,12.10
2020/10/27,12.00
2020/10/28,11.45
2020/10/29,11.60
2020/10/30,11.50
2020/11/02,11.60
2020/11/03,11.75
2020/11/04,12.50
2020/11/05,12.25
2020/11/06,12.90
2020/11/09,14.10
2020/11/10,13.60
2020/11/11,13.55
2020/11/12,12.35
2020/11/13,12.50
2020/11/16,12.50
2020/11/17,12.50
2020/11/18,13.00
2020/11/19,12.75
2020/11/20,12.80
2020/11/23,13.00
2020/11/24,13.05
2020/11/25,13.60
2020/11/26,13.55
2020/11/27,13.60
2020/11/30,13.25
2020/12/01,13.05
2020/12/02,12.90
2020/12/03,12.75
2020/12/04,12.85
2020/12/07,12.85
2020/12/08,14.05
2020/12/09,14.40
2020/12/10,14.35
2020/12/11,13.70
2020/12/14,15.05
2020/12/15,15.55
2020/12/16,15.85
2020/12/17,15.70
2020/12/18,17.25
2020/12/21,18.95
2020/12/22,18.55
2020/12/23,20.40
2020/12/24,21.00
2020/12/25,23.10
2020/12/28,25.40
2020/12/29,27.90
2020/12/30,27.50
2020/12/31,29.25
2021/01/04,32.15
2021/01/05,32.00
2021/01/06,28.80
2021/01/07,25.95
2021/01/08,27.30
2021/01/11,28.55
2021/01/12,25.70
2021/01/13,24.00
2021/01/14,25.90
2021/01/15,23.35
2021/01/18,23.80
2021/01/19,21.85
2021/01/20,20.20
2021/01/21,20.85
2021/01/22,22.60
2021/01/25,23.00
2021/01/26,21.60
2021/01/27,20.80
2021/01/28,20.70
2021/01/29,19.75
2021/02/01,19.05
2021/02/02,20.95
2021/02/03,21.60
2021/02/04,21.95
2021/02/05,21.50
2021/02/17,23.65
2021/02/18,25.55
2021/02/19,25.60
2021/02/22,28.15
2021/02/23,28.25
2021/02/24,27.90
2021/02/25,28.50
2021/02/26,29.00
2021/03/02,27.10
2021/03/03,27.60
2021/03/04,26.60
2021/03/05,26.05
2021/03/08,26.80
2021/03/09,27.60
2021/03/10,28.00
2021/03/11,28.10
2021/03/12,29.15
2021/03/15,31.30
2021/03/16,30.05
2021/03/17,31.30
2021/03/18,31.90
2021/03/19,32.60
2021/03/22,35.85
2021/03/23,33.50
2021/03/24,33.80
2021/03/25,32.50
2021/03/26,34.00
2021/03/29,35.25
2021/03/30,35.40
2021/03/31,37.70
2021/04/01,40.15
2021/04/06,44.15
2021/04/07,46.35
2021/04/08,46.20
2021/04/09,42.75
2021/04/12,46.10
2021/04/13,44.80
2021/04/14,45.50
2021/04/15,46.70
2021/04/16,50.60
2021/04/19,55.00
2021/04/20,57.00
2021/04/21,62.70
2021/04/22,59.60
2021/04/23,60.40
2021/04/26,66.40
2021/04/27,72.00
2021/04/28,75.00
2021/04/29,79.80
2021/05/03,87.70
2021/05/04,80.00
2021/05/05,87.00
2021/05/06,84.30
2021/05/07,91.50
2021/05/10,100.50
2021/05/11,97.60
2021/05/12,87.90
2021/05/13,79.20
2021/05/14,74.00
2021/05/17,66.60
2021/05/18,73.20
2021/05/19,80.50
2021/05/20,83.50
2021/05/21,91.80
2021/05/24,93.10
2021/05/25,91.00
2021/05/26,98.80
2021/05/27,103.00
2021/05/28,108.00
2021/05/31,102.50
2021/06/01,112.50
2021/06/02,111.00
2021/06/03,112.50
2021/06/04,115.50
2021/06/07,107.00
2021/06/08,114.50
2021/06/09,113.00
2021/06/10,110.50
2021/06/11,116.00
2021/06/15,127.50
2021/06/16,130.00
2021/06/17,140.50
2021/06/18,149.50
2021/06/21,158.50
2021/06/22,154.50
2021/06/23,139.50
2021/06/24,149.00
2021/06/25,151.00
2021/06/28,166.00
2021/06/29,166.00
2021/06/30,182.50
2021/07/01,196.00
2021/07/02,191.00
2021/07/05,197.00
2021/07/06,216.50
2021/07/07,210.00
2021/07/08,216.50
2021/07/09,195.50
2021/07/12,195.50
2021/07/13,176.00
2021/07/14,163.00
2021/07/15,179.00
2021/07/16,188.00
2021/07/19,188.00
2021/07/20,170.50
2021/07/21,153.50
2021/07/22,140.50
2021/07/23,145.50
2021/07/26,136.00
2021/07/27,122.50
2021/07/28,118.00
2021/07/29,129.50
2021/07/30,117.00
2021/08/02,120.00
2021/08/03,126.00
2021/08/04,129.00
2021/08/05,125.50
2021/08/06,131.00
2021/08/09,132.50
2021/08/10,130.00
2021/08/11,125.00
2021/08/12,133.50
2021/08/13,133.00
2021/08/16,126.00
2021/08/17,124.50
2021/08/18,136.50
2021/08/19,126.50
2021/08/20,130.50
2021/08/23,139.50
2021/08/24,134.50
2021/08/25,138.50
2021/08/26,140.00
2021/08/27,137.00
2021/08/30,136.00
2021/08/31,133.50
2021/09/01,125.00
2021/09/02,126.00
2021/09/03,120.50
2021/09/06,113.00
2021/09/07,120.50
2021/09/08,122.00
2021/09/09,121.50
2021/09/10,125.50
2021/09/13,124.50
2021/09/14,117.50
2021/09/15,121.50
2021/09/16,118.00
2021/09/17,123.00
2021/09/22,119.50
2021/09/23,121.50
2021/09/24,126.50
2021/09/27,124.50
2021/09/28,119.00
2021/09/29,116.50
2021/09/30,119.50
2021/10/01,108.00
2021/10/04,97.20
2021/10/05,98.20
2021/10/06,92.50
2021/10/07,98.50
2021/10/08,96.80
2021/10/12,87.40
2021/10/13,88.50
2021/10/14,92.40
2021/10/15,92.30
2021/10/18,89.00
2021/10/19,88.00
2021/10/20,88.30
2021/10/21,89.30
2021/10/22,85.10
2021/10/25,89.50
2021/10/26,90.40
2021/10/27,89.30
2021/10/28,90.60
2021/10/29,96.50
2021/11/01,98.00
2021/11/02,101.50
2021/11/03,108.50
2021/11/04,106.00
2021/11/05,107.50
2021/11/08,118.00
2021/11/09,116.00
2021/11/10,115.00
2021/11/11,106.00
2021/11/12,106.50
2021/11/15,105.00
2021/11/16,110.00
2021/11/17,107.50
2021/11/18,109.50
2021/11/19,107.50
2021/11/22,110.50
2021/11/23,111.00
2021/11/24,111.00
2021/11/25,114.50
2021/11/26,108.50
2021/11/29,110.00
2021/11/30,115.50
2021/12/01,115.00
2021/12/02,122.00
2021/12/03,121.00
2021/12/06,125.50
2021/12/07,126.50
2021/12/08,127.00
2021/12/09,128.50
2021/12/10,124.00
2021/12/13,127.50
2021/12/14,120.00
2021/12/15,122.50
2021/12/16,122.00
2021/12/17,123.50
2021/12/20,122.00
2021/12/21,125.50
2021/12/22,124.00
2021/12/23,122.50
2021/12/24,122.50
2021/12/27,122.50
2021/12/28,125.00
2021/12/29,124.50
2021/12/30,121.00
